tweet_id,retweet_count,favorite_count
892420643555336193,8203,37624
892177421306343426,6068,32334
891815181378084864,4011,24361
891689557279858688,8365,40949
891327558926688256,9057,39151
891087950875897856,3008,19690
890971913173991426,1988,11513
890729181411237888,18227,63489
890609185150312448,4128,27077
890240255349198849,7125,31025
890006608113172480,7084,29848
889880896479866881,4813,27055
889665388333682689,9701,46780
889638837579907072,4381,26374
889531135344209921,2176,14709
889278841981685760,5198,24563
888917238123831296,4352,28335
888804989199671297,4134,24853
888554962724278272,3420,19285
888078434458587136,3369,21175
887705289381826560,5200,29381
887517139158093824,11310,45032
887473957103951883,17551,67045
887343217045368832,10076,32760
887101392804085760,5759,29748
886983233522544640,7509,34165
886736880519319552,3155,11714
886680336477933568,4316,21842
886366144734445568,3096,20607
886267009285017600,4,116
886258384151887873,6095,27238
886054160059072513,105,0
885984800019947520,6552,31716
885528943205470208,6215,35000
885518971528720385,3625,19887
885311592912609280,17934,0
885167619883638784,4240,21312
884925521741709313,17640,75218
884876753390489601,5436,27131
884562892145688576,4532,23619
884441805382717440,5484,26269
884247878851493888,19848,70924
884162670584377345,2884,19806
883838122936631299,3333,21297
883482846933004288,9612,44650
883360690899218434,3589,22064
883117836046086144,6448,36153
882992080364220416,3800,23286
882762694511734784,4738,27528
882627270321602560,5899,27177
882268110199369728,11227,43715
882045870035918850,4798,28554
881906580714921986,3288,23658
881666595344535552,10344,49227
881633300179243008,7,124
881536004380872706,15465,48094
881268444196462592,5026,22499
880935762899988482,2701,16594
880872448815771648,3710,20693
880465832366813184,6083,27767
880221127280381952,4087,26297
880095782870896641,4205,26886
879862464715927552,3387,21750
879674319642796034,10,302
879492040517615616,3081,22813
879415818425184262,42955,103001
879376492567855104,3018,16369
879130579576475649,6601,0
879050749262655488,4558,21942
879008229531029506,2613,18487
878776093423087618,4003,18903
878604707211726852,6978,29414
878404777348136964,1248,0
878316110768087041,6445,0
878281511006478336,1248,7535
878057613040115712,6601,40951
877736472329191424,18515,77622
877611172832227328,78,0
877556246731214848,3693,22144
877316821321428993,5041,26694
877201837425926144,5424,26431
876838120628539392,3245,20160
876537666061221889,4508,22945
876484053909872640,2324,18285
876120275196170240,4550,27236
875747767867523072,4168,24563
875144289856114688,4804,21386
875097192612077568,5894,26724
875021211251597312,4599,24858
874680097055178752,4524,27152
874434818259525634,14317,0
874296783580663808,4004,25433
874057562936811520,3851,22157
874012996292530176,10145,33695
873580283840344065,3841,23642
873337748698140672,1547,0
873213775632977920,1547,7058
872967104147763200,5283,26693
872820683541237760,3616,14399
872620804844003328,3609,20316
872486979161796608,8824,39785
872122724285648897,7957,33633
871879754684805121,10917,37090
871762521631449091,3413,19850
871515927908634625,3389,19779
871166179821445120,5587,0
871102520638267392,5410,20522
871032628920680449,3748,22227
870804317367881728,6086,32966
870726314365509632,3,117
870656317836468226,2597,12165
870374049280663552,25801,81196
870308999962521604,4085,21447
870063196459192321,8209,35947
869772420881756160,9884,41694
869702957897576449,6252,27750
869596645499047938,3092,15718
869227993411051520,3745,20131
868880397819494401,14289,64509
868639477480148993,2062,0
868622495443632128,5234,26314
868552278524837888,2062,9974
867900495410671616,4131,23837
867774946302451713,7269,33491
867421006826221569,2474,15902
867072653475098625,119,0
867051520902168576,7788,31831
866720684873056260,4767,19811
866686824827068416,3449,19038
866450705531457537,35029,120733
866334964761202691,14317,51894
866094527597207552,8305,0
865718153858494464,5585,25356
865359393868664832,4975,26165
865006731092295680,7645,27708
864873206498414592,8671,31947
864279568663928832,3010,14474
864197398364647424,8891,29839
863907417377173506,4123,20439
863553081350529029,4168,15178
863471782782697472,2436,0
863432100342583297,5223,23613
863427515083354112,96,2233
863079547188785154,1100,8705
863062471531167744,2436,8448
862831371563274240,5101,19026
862722525377298433,3523,16942
862457590147678208,4956,20367
862096992088072192,23263,73986
861383897657036800,10712,35910
861288531465048066,4164,17092
861005113778896900,3804,16618
860981674716409858,2167,0
860924035999428608,818,0
860563773140209665,2167,7476
860524505164394496,5302,23525
860276583193509888,3491,18251
860184849394610176,5882,16632
860177593139703809,31031,0
859924526012018688,4102,19497
859851578198683649,3531,15376
859607811541651456,1581,18557
859196978902773760,30401,89773
859074603037188101,13719,33819
858860390427611136,8207,0
858843525470990336,3513,15543
858471635011153920,4879,21511
858107933456039936,2924,15727
857989990357356544,2610,16147
857746408056729600,10759,34294
857393404942143489,1661,5910
857263160327368704,4567,20061
857214891891077121,18,228
857062103051644929,173,0
857029823797047296,4061,18974
856543823941562368,2927,16320
856526610513747968,1914,11882
856330835276025856,688,0
856288084350160898,17,522
856282028240666624,6433,27851
855862651834028034,26,347
855860136149123072,1044,5046
855857698524602368,2150,11927
855851453814013952,18078,45786
855818117272018944,5545,26782
855459453768019968,8375,30117
855245323840757760,6103,0
855138241867124737,46,0
854732716440526848,6243,23037
854482394044301312,7033,29584
854365224396361728,4798,19082
854120357044912130,7668,32323
854010172552949760,3227,16376
853760880890318849,5934,28934
853639147608842240,10414,35253
853299958564483072,3665,15733
852936405516943360,2068,0
852912242202992640,1889,9191
852672615818899456,2222,15156
852553447878664193,3619,16591
852311364735569921,10197,33655
852226086759018497,7005,20337
852189679701164033,1634,11647
851953902622658560,9949,0
851861385021730816,23,0
851591660324737024,3581,16517
851464819735769094,7324,24714
851224888060895234,5926,21073
850753642995093505,9600,31562
850380195714523136,2714,13336
850333567704068097,347,3513
850145622816686080,3960,16666
850019790995546112,5074,20881
849776966551130114,7889,31139
849668094696017920,5137,0
849412302885593088,3262,16239
849336543269576704,1961,11677
849051919805034497,8843,43414
848690551926992896,4489,25808
848324959059550208,4778,25357
848213670039564288,776,8375
848212111729840128,3192,16725
847978865427394560,3394,0
847971574464610304,443,0
847962785489326080,5306,24099
847842811428974592,1389,5601
847617282490613760,441,7178
847606175596138505,3547,19269
847251039262605312,4473,21003
847157206088847362,6104,20462
847116187444137987,3331,21986
846874817362120707,4096,20614
846514051647705089,12113,45854
846505985330044928,3212,14496
846153765933735936,9488,32579
846139713627017216,10357,31781
846042936437604353,3026,16450
845812042753855489,9132,30118
845677943972139009,5001,25879
845397057150107648,1890,7864
845306882940190720,5649,24020
845098359547420673,8016,0
844979544864018432,2700,14017
844973813909606400,3369,15560
844580511645339650,3288,17005
844223788422217728,2308,14046
843981021012017153,3073,15617
843856843873095681,4860,22112
843604394117681152,2892,17421
843235543001513987,6353,22222
842846295480000512,3791,15709
842765311967449089,1341,6969
842535590457499648,3691,18677
842163532590374912,6103,25266
842115215311396866,3194,14467
841833993020538882,16112,0
841680585030541313,8162,26511
841439858740625411,3879,13058
841320156043304961,5737,20451
841314665196081154,4937,16376
841077006473256960,5587,23665
840761248237133825,1848,0
840728873075638272,17012,0
840698636975636481,2,181
840696689258311684,1036,12713
840632337062862849,1848,9283
840370681858686976,4800,17038
840268004936019968,6045,19942
839990271299457024,2419,13892
839549326359670784,8207,28496
839290600511926273,149,0
839239871831150596,6902,28177
838952994649550848,4202,20326
838921590096166913,2186,11587
838916489579200512,36,0
838831947270979586,11677,0
838561493054533637,1397,11324
838476387338051585,5078,23387
838201503651401729,10662,0
838150277551247360,353,1745
838085839343206401,1,147
838083903487373313,3339,18274
837820167694528512,8305,35468
837482249356513284,466,3984
837471256429613056,2415,13264
837366284874571778,5616,21965
837110210464448512,2528,16637
836989968035819520,2431,13196
836753516572119041,4886,20005
836677758902222849,2353,13107
836648853927522308,577,0
836397794269200385,29337,0
836380477523124226,3147,15325
836260088725786625,4539,22102
836001077879255040,4543,19846
835685285446955009,8644,0
835574547218894849,3838,18512
835536468978302976,1806,0
835309094223372289,22294,0
835297930240217089,3183,17084
835264098648616962,1806,8033
835246439529840640,77,2178
835172783151792128,6091,27184
835152434251116546,3202,23359
834931633769889797,1751,11250
834786237630337024,5839,22056
834574053763584002,2686,14230
834477809192075265,11340,0
834458053273591808,1783,10006
834209720923721728,5082,21444
834167344700198914,3868,16408
834089966724603904,2258,10462
834086379323871233,2358,13605
833863086058651648,2548,13963
833826103416520705,3967,18751
833732339549220864,227,0
833722901757046785,3411,21582
833479644947025920,2192,15468
833124694597443584,5137,21049
832998151111966721,2356,13835
832769181346996225,39,0
832757312314028032,3853,17535
832682457690300417,3119,12366
832645525019123713,553,3042
832636094638288896,2962,16507
832397543355072512,2368,12432
832369877331693569,3394,17906
832273440279240704,2483,11784
832215909146226688,6596,0
832215726631055365,9978,0
832088576586297345,2,69
832040443403784192,10329,0
832032802820481025,4948,18600
831939777352105988,6531,25021
831926988323639298,35,357
831911600680497154,6946,28842
831670449226514432,1932,10906
831650051525054464,2068,7485
831552930092285952,2449,9374
831322785565769729,1635,9627
831315979191906304,1192,6820
831309418084069378,2612,12243
831262627380748289,2186,12430
830956169170665475,1589,8318
830583320585068544,17934,69798
830173239259324417,6082,0
830097400375152640,3198,10254
829878982036299777,5363,0
829861396166877184,2090,12780
829501995190984704,11340,33146
829449946868879360,2160,10933
829374341691346946,9949,36133
829141528400556032,7914,25569
829011960981237760,17335,55383
828801551087042563,3624,0
828770345708580865,6262,26696
828708714936930305,12002,38232
828650029636317184,1438,9926
828409743546925057,1228,6592
828408677031882754,1375,8010
828381636999917570,2378,13203
828376505180889089,1139,7716
828372645993398273,3160,13118
828361771580813312,181,2295
828046555563323392,3062,12303
828011680017821696,2293,10834
827933404142436356,5589,21042
827653905312006145,3214,16139
827600520311402496,1017,7739
827324948884643840,3267,16602
827199976799354881,2400,11067
826958653328592898,5363,22590
826848821049180160,10946,38153
826615380357632002,4233,0
826598799820865537,270,5357
826598365270007810,2516,10554
826476773533745153,4495,19309
826240494070030336,2776,13891
826204788643753985,999,5108
826115272272650244,3358,16399
825876512159186944,2005,10968
825829644528148480,2670,13343
825535076884762624,18436,54609
825147591692263424,4900,19188
825120256414846976,1367,0
825026590719483904,1367,6654
824796380199809024,5891,0
824775126675836928,3773,15694
824663926340194305,1856,10576
824325613288833024,11152,12370
824297048279236611,4149,15798
824025158776213504,631,5010
823939628516474880,2905,11165
823719002937630720,12044,0
823699002998870016,2588,13217
823581115634085888,2839,13676
823333489516937216,27,733
823322678127919110,4318,16529
823269594223824897,10583,0
822975315408461824,3699,18166
822872901745569793,47129,138876
822859134160621569,2456,13903
822647212903690241,6888,0
822610361945911296,3183,15528
822489057087389700,6888,19090
822462944365645825,15729,29848
822244816520155136,10583,36795
822163064745328640,5159,0
821886076407029760,2515,11920
821813639212650496,3598,0
821765923262631936,1784,8848
821522889702862852,1909,8442
821421320206483457,6023,0
821407182352777218,4670,12390
821153421864615936,10,266
821149554670182400,2166,9153
821107785811234820,2290,10083
821044531881721856,2466,13316
820837357901512704,7215,0
820749716845686786,10662,33160
820690176645140481,3467,12833
820494788566847489,607,0
820446719150292993,2781,0
820314633777061888,607,3509
820078625395449857,6770,20860
820013781606658049,1275,0
819952236453363712,1275,5598
819924195358416896,5207,13547
819711362133872643,3369,14169
819588359383371776,2122,10090
819347104292290561,1297,7604
819238181065359361,436,2411
819227688460238848,7215,24297
819015337530290176,39653,0
819015331746349057,20428,0
819006400881917954,20428,47586
819004803107983360,39653,91283
818646164899774465,22502,0
818627210458333184,8049,23380
818614493328580609,2781,10377
818588835076603904,6625,0
818536468981415936,2671,11496
818307523543449600,8769,0
818259473185828864,2464,11611
818145370475810820,2797,12940
817908911860748288,852,5108
817827839487737858,29337,54564
817777686764523521,2890,11286
817536400337801217,3279,12429
817502432452313088,3659,0
817423860136083457,16112,35951
817415592588222464,1039,5910
817181837579653120,9161,0
817171292965273600,2172,9212
817120970343411712,2825,12849
817056546584727552,1777,9046
816829038950027264,5084,0
816816676327063552,2190,10571
816697700272001025,2379,10337
816450570814898180,8769,32213
816336735214911488,2115,9074
816091915477250048,2330,9434
816062466425819140,1124,0
816014286006976512,5735,0
815990720817401858,1124,5270
815966073409433600,9161,23646
815745968457060357,4467,0
815736392542261248,2455,10390
815639385530101762,1773,8669
815390420867969024,4113,10933
814986499976527872,1386,8075
814638523311648768,2928,11894
814578408554463233,6267,0
814530161257443328,2006,9135
814153002265309185,9380,30389
813944609378369540,3450,0
813910438903693312,2027,9824
813812741911748608,15137,38444
813800681631023104,1895,8814
813217897535406080,7904,19726
813202720496779264,1951,9715
813187593374461952,4717,20975
813172488309972993,2071,9855
813157409116065792,2402,8207
813142292504645637,2552,8921
813130366689148928,481,4723
813127251579564032,3384,12532
813112105746448384,2978,10926
813096984823349248,3889,11143
813081950185472002,2996,10444
813066809284972545,2100,8418
813051746834595840,7939,22157
812781120811126785,2072,8025
812709060537683968,1543,7003
812503143955202048,1323,6421
812466873996607488,2091,8446
812372279581671427,3974,14474
811985624773361665,1521,7677
811744202451197953,1731,7980
811647686436880384,804,5912
811627233043480576,3373,13521
811386762094317568,6908,22116
810984652412424192,1554,5645
810896069567610880,1934,9579
810657578271330305,2867,11613
810284430598270976,12340,37437
810254108431155201,3624,15544
809920764300447744,4233,16391
809808892968534016,5300,0
809448704142938112,1586,7342
809220051211603969,6082,21097
809084759137812480,3806,14011
808838249661788160,3296,10707
808733504066486276,2349,8375
808501579447930884,2808,11939
808344865868283904,22502,44995
808134635716833280,6435,0
808106460588765185,2382,9272
808001312164028416,3841,13310
807621403335917568,3974,15424
807106840509214720,60287,125642
807059379405148160,7926,0
807010152071229440,4153,13818
806629075125202948,37719,79454
806620845233815552,5991,0
806576416489959424,2085,5145
806542213899489280,2557,10821
806242860592926720,12645,0
806219024703037440,1291,6811
805958939288408065,5836,0
805932879469572096,2073,8755
805826884734976000,1986,6974
805823200554876929,8716,0
805520635690676224,1782,6084
805487436403003392,2749,9292
805207613751304193,1845,8266
804738756058218496,4166,14538
804475857670639616,2181,6498
804413760345620481,3494,0
804026241225523202,17609,47206
803773340896923648,3002,10649
803692223237865472,8056,0
803638050916102144,4471,11632
803380650405482500,2012,8214
803321560782307329,5750,0
803276597545603072,2669,10623
802952499103731712,2177,9572
802624713319034886,3168,0
802600418706604034,1596,7534
802572683846291456,2707,9480
802323869084381190,6326,17200
802265048156610565,1482,7007
802239329049477120,2834,9610
802185808107208704,286,0
801958328846974976,1852,8180
801854953262350336,254,1870
801538201127157760,2223,8702
801285448605831168,901,6413
801167903437357056,6435,25998
801127390143516673,4289,0
801115127852503040,2267,8570
800859414831898624,103,732
800855607700029440,1768,0
800751577355128832,3005,11139
800513324630806528,3271,13936
800459316964663297,2339,10045
800443802682937345,4677,0
800388270626521089,3047,11824
800188575492947969,4283,0
800141422401830912,2781,16250
800018252395122689,14283,30090
799774291445383169,5073,0
799757965289017345,2347,8900
799422933579902976,2076,8543
799308762079035393,5977,0
799297110730567681,3003,10499
799063482566066176,2673,8561
798933969379225600,4852,13930
798925684722855936,1549,7900
798705661114773508,7156,0
798701998996647937,8449,0
798697898615730177,7047,0
798694562394996736,5375,0
798686750113755136,2514,0
798682547630837760,5113,0
798673117451325440,6013,0
798665375516884993,4231,0
798644042770751489,2008,0
798628517273620480,2130,0
798585098161549313,6190,0
798576900688019456,6345,0
798340744599797760,3640,0
798209839306514432,2770,11004
797971864723324932,3412,12356
797545162159308800,5264,15401
797236660651966464,7211,21185
797165961484890113,29,243
796904159865868288,9639,0
796865951799083009,2066,8135
796759840936919040,3310,12581
796563435802726400,7921,0
796484825502875648,1913,8030
796387464403357696,4521,11676
796177847564038144,15530,0
796149749086875649,15530,34275
796125600683540480,1939,5248
796116448414461957,2622,9667
796080075804475393,2511,8982
796031486298386433,3990,11490
795464331001561088,25855,52768
795400264262053889,3118,10708
795076730285391872,5891,17217
794983741416415232,3659,0
794926597468000259,2500,10900
794355576146903043,11169,0
794332329137291264,2883,10167
794205286408003585,3591,9770
793962221541933056,5300,17830
793845145112371200,2033,9775
793614319594401792,3382,0
793601777308463104,1766,8462
793500921481273345,2580,11344
793286476301799424,9978,26090
793271401113350145,2577,9184
793256262322548741,9049,21190
793241302385262592,3555,11148
793226087023144960,3108,10441
793210959003287553,3046,9476
793195938047070209,6109,16209
793180763617361921,2163,7356
793165685325201412,3019,9996
793150605191548928,1844,6546
793135492858580992,2710,6858
793120401413079041,4242,13467
792913359805018113,4357,15213
792883833364439040,4640,11998
792773781206999040,1822,7792
792394556390137856,4656,14271
792050063153438720,1959,7610
791821351946420224,22805,0
791784077045166082,10434,0
791780927877898241,4133,0
791774931465953280,24087,47845
791672322847637504,3382,12449
791406955684368384,4467,13905
791312159183634433,2755,9317
791026214425268224,4457,0
790987426131050500,2313,10465
790946055508652032,5084,17632
790723298204217344,2509,0
790698755171364864,2076,8686
790581949425475584,7795,21920
790337589677002753,2021,8290
790277117346975746,3450,13312
790227638568808452,3873,0
789986466051088384,2509,9792
789960241177853952,4476,0
789903600034189313,4474,11004
789628658055020548,1932,7964
789599242079838210,2099,7166
789530877013393408,3659,12460
789314372632018944,2504,9123
789280767834746880,5360,0
789268448748703744,2808,9658
789137962068021249,3037,10282
788908386943430656,13421,29044
788765914992902144,11169,29066
788552643979468800,7800,0
788412144018661376,5738,16500
788178268662984705,2298,7651
788150585577050112,1413,6507
788070120937619456,3708,0
788039637453406209,1433,6506
787810552592695296,3310,9181
787717603741622272,3018,10828
787397959788929025,3073,11494
787322443945877504,1897,8247
787111942498508800,7292,0
786963064373534720,8644,28163
786729988674449408,2600,0
786709082849828864,6596,19245
786664955043049472,2766,11276
786595970293370880,3354,9967
786363235746385920,3787,11527
786286427768250368,3098,8416
786233965241827333,5159,16188
786051337297522688,166,1518
786036967502913536,7638,0
785927819176054784,3423,12019
785872687017132033,1968,7070
785639753186217984,2400,8270
785533386513321988,2168,9624
785515384317313025,1357,6446
785264754247995392,1761,7685
785170936622350336,5251,12774
784826020293709826,3494,10722
784517518371221505,2742,9466
784431430411685888,1386,6027
784183165795655680,8716,21262
784057939640352768,12044,31573
783839966405230592,11677,31749
783821107061198850,2112,7765
783695101801398276,3487,11034
783466772167098368,2429,8940
783391753726550016,5945,17822
783347506784731136,6046,0
783334639985389568,12645,30855
783085703974514689,2397,8599
782969140009107456,7926,25474
782747134529531904,1507,7899
782722598790725632,5836,18269
782598640137187329,2022,8236
782305867769217024,6023,17593
782021823840026624,6721,0
781955203444699136,3630,11741
781661882474196992,2923,11026
781655249211752448,1207,4217
781524693396357120,5991,21911
781308096455073793,2745,7515
781251288990355457,2258,8896
781163403222056960,2952,10319
780931614150983680,7921,22849
780858289093574656,2159,7590
780800785462489090,1404,5803
780601303617732608,3598,12755
780543529827336192,1862,6647
780496263422808064,3990,0
780476555013349377,125,0
780459368902959104,1152,5586
780192070812196864,2412,9181
780092040432480260,2479,0
780074436359819264,5385,12903
779834332596887552,7638,20004
779377524342161408,3359,9314
779124354206535695,19849,0
779123168116150273,3937,12449
779056095788752897,4874,15610
778990705243029504,7818,21080
778774459159379968,10736,0
778764940568104960,394,909
778748913645780993,1429,7269
778650543019483137,1615,6081
778624900596654080,1087,4900
778408200802557953,4689,14394
778396591732486144,13178,0
778383385161035776,1196,6170
778286810187399168,3550,10946
778039087836069888,2827,8921
778027034220126208,1746,6903
777953400541634568,3798,0
777885040357281792,1773,6711
777684233540206592,3168,11835
777641927919427584,4570,0
777621514455814149,2679,9239
777189768882946048,4653,15104
776819012571455488,14819,0
776813020089548800,1304,5143
776477788987613185,3004,9313
776249906839351296,9836,0
776218204058357768,17189,31592
776201521193218049,2712,10117
776113305656188928,4677,12378
776088319444877312,162,1927
775898661951791106,17689,0
775842724423557120,2872,12331
775733305207554048,4289,14583
775729183532220416,4909,13602
775364825476165632,3197,7821
775350846108426240,4190,10699
775085132600442880,5073,16370
774757898236878852,1900,9000
774639387460112384,1853,7082
774314403806253056,5977,22928
773985732834758656,4163,11301
773922284943896577,1858,6739
773704687002451968,1742,6953
773670353721753600,1393,5601
773547596996571136,6625,23265
773336787167145985,5461,0
773308824254029826,8016,24464
773247561583001600,3459,9904
773191612633579521,4411,10514
772877495989305348,4156,9011
772826264096874500,2511,8428
772615324260794368,3616,0
772581559778025472,1813,6824
772193107915964416,1491,6338
772152991789019136,1199,3980
772117678702071809,790,3954
772114945936949249,504,2858
772102971039580160,996,4216
771908950375665664,2036,6912
771770456517009408,3640,12618
771500966810099713,2816,8695
771380798096281600,5461,11040
771171053431250945,8107,0
771136648247640064,3140,9639
771102124360998913,1545,6571
771014301343748096,1768,7208
771004394259247104,234,0
770787852854652928,1299,5199
770772759874076672,1512,5456
770655142660169732,1869,7705
770414278348247044,2218,6609
770293558247038976,1599,6551
770093767776997377,3259,0
770069151037685760,2457,7950
769940425801170949,10329,32992
769695466921623552,1770,6708
769335591808995329,8235,0
769212283578875904,1834,5682
768970937022709760,7008,15136
768909767477751808,2879,0
768855141948723200,954,4409
768609597686943744,1292,4327
768596291618299904,1368,5270
768554158521745409,6239,0
768473857036525572,3665,14303
768193404517830656,3798,11453
767884188863397888,1499,4987
767754930266464257,5750,16833
767500508068192258,2498,7853
767191397493538821,4068,12880
767122157629476866,3047,10629
766864461642756096,6033,0
766793450729734144,1453,5333
766714921925144576,413,2731
766693177336135680,846,4229
766423258543644672,1706,6320
766313316352462849,2016,7126
766078092750233600,2780,0
766069199026450432,915,4472
766008592277377025,528,3931
765719909049503744,2293,7600
765669560888528897,1301,5459
765395769549590528,3632,27760
765371061932261376,2311,7443
765222098633691136,3616,12183
764857477905154048,1899,6752
764259802650378240,1620,6341
763956972077010945,58,782
763837565564780549,4457,13225
763183847194451968,1572,5664
763167063695355904,3222,0
763103485927849985,2444,7711
762699858130116608,3873,12754
762471784394268675,6908,11810
762464539388485633,4476,10797
762316489655476224,1201,5046
762035686371364864,16695,33487
761976711479193600,2160,5661
761750502866649088,4199,0
761745352076779520,921,4460
761672994376806400,31031,51933
761599872357261312,1257,4331
761371037149827077,19201,0
761334018830917632,1548,5451
761292947749015552,1171,4676
761227390836215808,1661,5568
761004547850530816,3708,11857
760893934457552897,1037,4000
760656994973933572,2054,6929
760641137271070720,1378,5200
760539183865880579,3885,7934
760521673607086080,1492,4428
760290219849637889,12263,28083
760252756032651264,925,4122
760190180481531904,1934,5964
760153949710192640,33,0
759943073749200896,2230,6216
759923798737051648,6033,15354
759846353224826880,2117,7024
759793422261743616,2028,6242
759566828574212096,22558,0
759557299618865152,1251,4916
759447681597108224,2600,8886
759446261539934208,517,1750
759197388317847553,2076,6342
759159934323924993,1236,0
759099523532779520,4448,15203
759047813560868866,2159,6812
758854675097526272,955,3719
758828659922702336,4081,11686
758740312047005698,1716,5992
758474966123810816,1058,4004
758467244762497024,2369,5021
758405701903519748,2055,5440
758355060040593408,1157,3581
758099635764359168,10736,20070
758041019896193024,399,2831
757741869644341248,3466,7212
757729163776290825,8649,0
757725642876129280,1295,4741
757611664640446465,1189,4783
757597904299253760,312,0
757596066325864448,1127,4534
757400162377592832,7297,15826
757393109802180609,1861,6093
757354760399941633,1519,4723
756998049151549440,2122,6566
756939218950160384,2143,6952
756651752796094464,1393,5297
756526248105566208,3850,10868
756303284449767430,1158,4124
756288534030475264,18590,44819
756275833623502848,1618,6709
755955933503782912,3083,7663
755206590534418437,5743,17196
755110668769038337,11815,22192
754874841593970688,8528,0
754856583969079297,2689,7181
754747087846248448,553,2695
754482103782404096,2079,5538
754449512966619136,778,3914
754120377874386944,2484,8196
753655901052166144,2315,6112
753420520834629632,3800,8289
753398408988139520,2046,6027
753375668877008896,2479,7975
753298634498793472,6128,0
753294487569522689,1114,3542
753039830821511168,22294,38809
753026973505581056,1041,4072
752932432744185856,7292,13197
752917284578922496,1675,7208
752701944171524096,3080,0
752682090207055872,1711,6246
752660715232722944,1672,4603
752568224206688256,2427,5764
752519690950500352,3676,7696
752334515931054080,1175,3986
752309394570878976,17795,0
752173152931807232,1958,6216
751950017322246144,990,3213
751937170840121344,1435,5437
751830394383790080,2076,6050
751793661361422336,3093,6110
751598357617971201,3238,8240
751583847268179968,1180,4590
751538714308972544,1348,5259
751456908746354688,1067,3349
751251247299190784,6246,13033
751205363882532864,1952,6576
751132876104687617,1383,5291
750868782890057730,1472,4987
750719632563142656,5360,13776
750506206503038976,1216,4636
750429297815552001,4570,13741
750383411068534784,1212,4751
750381685133418496,30,722
750147208377409536,1022,3243
750132105863102464,1361,3797
750117059602808832,1379,4516
750101899009982464,897,3170
750086836815486976,572,2268
750071704093859840,3555,8202
750056684286914561,952,3283
750041628174217216,656,3313
750026558547456000,837,2825
750011400160841729,966,3393
749996283729883136,858,3175
749981277374128128,2606,5324
749774190421639168,1393,4861
749417653287129088,1764,6360
749403093750648834,577,2740
749395845976588288,3679,8958
749317047558017024,2351,5715
749075273010798592,2196,5995
749064354620928000,1609,4990
749036806121881602,830,3236
748977405889503236,3612,11180
748932637671223296,2401,6088
748705597323898880,1003,2877
748699167502000129,1691,4926
748692773788876800,1408,4415
748575535303884801,2098,6314
748568946752774144,710,2280
748346686624440324,1312,5435
748337862848962560,4369,7983
748324050481647620,808,3853
748307329658011649,753,3817
748220828303695873,8263,14728
747963614829678593,2265,6011
747933425676525569,2704,6888
747885874273214464,1043,3065
747844099428986880,793,2928
747816857231626240,1228,5033
747651430853525504,163,1440
747648653817413632,6191,13416
747600769478692864,583,2415
747594051852075008,1112,3841
747512671126323200,1680,5759
747461612269887489,1088,4018
747439450712596480,2040,5642
747242308580548608,3040,0
747219827526344708,1669,5501
747204161125646336,973,3515
747103485104099331,4225,9965
746906459439529985,312,2999
746872823977771008,2275,6234
746818907684614144,1827,5512
746790600704425984,1681,5067
746757706116112384,4133,9944
746726898085036033,1892,6273
746542875601690625,1983,5237
746521445350707200,1038,0
746507379341139972,1144,4818
746369468511756288,1739,6414
746131877086527488,2332,7182
746056683365994496,860,3682
745789745784041472,1126,4178
745712589599014916,2456,7256
745433870967832576,2681,7368
745422732645535745,2560,8917
745314880350101504,2934,7458
745074613265149952,3727,8131
745057283344719872,2406,7516
744995568523612160,655,3083
744971049620602880,2848,8179
744709971296780288,1645,5810
744334592493166593,2252,7030
744234799360020481,82658,162519
744223424764059648,389,1746
743980027717509120,1149,4315
743895849529389061,1011,3775
743835915802583040,2197,0
743609206067040256,1451,4650
743595368194129920,6928,19137
743545585370791937,985,3655
743510151680958465,3912,8208
743253157753532416,1287,4383
743222593470234624,2000,6428
743210557239623680,1441,3991
742534281772302336,3748,7315
742528092657332225,2101,4588
742465774154047488,4112,7530
742423170473463808,3990,10189
742385895052087300,2095,7065
742161199639494656,1450,4507
742150209887731712,1641,5327
741793263812808706,1585,4720
741743634094141440,2914,8486
741438259667034112,875,3808
741303864243200000,3398,9093
741099773336379392,5850,10393
741067306818797568,3259,9811
740995100998766593,2921,6617
740711788199743490,984,3534
740699697422163968,823,2941
740676976021798912,7156,18818
740373189193256964,14018,36106
740365076218183684,454,2566
740359016048689152,900,3420
740214038584557568,2072,6926
739979191639244800,6239,20688
739932936087216128,1134,4200
739844404073074688,898,3930
739623569819336705,1432,3935
739606147276148736,1743,5571
739544079319588864,22558,41075
739485634323156992,3086,7436
739238157791694849,61202,120112
738891149612572673,6,111
738885046782832640,1203,3906
738883359779196928,854,3453
738537504001953792,1637,5281
738402415918125056,885,3367
738184450748633089,1264,4470
738166403467907072,3581,9109
738156290900254721,687,2616
737826014890496000,1853,5466
737800304142471168,3640,10346
737678689543020544,1397,5213
737445876994609152,4694,10643
737322739594330112,852,3735
737310737551491075,7820,15204
736736130620620800,1826,4454
736392552031657984,7800,18363
736365877722001409,1317,4124
736225175608430592,2911,8416
736010884653420544,3129,8156
735991953473572864,1210,3729
735648611367784448,1156,4140
735635087207878657,2470,6396
735274964362878976,5340,13473
735256018284875776,932,3453
735137028879360001,1017,3230
734912297295085568,545,2837
734787690684657664,6628,13011
734776360183431168,570,2600
734559631394082816,416,1541
733828123016450049,818,3702
733822306246479872,1061,3787
733482008106668032,992,3258
733460102733135873,1342,4343
733109485275860992,17689,50932
732732193018155009,559,2518
732726085725589504,927,3658
732585889486888962,815,3802
732375214819057664,2647,8371
732005617171337216,5735,15432
731285275100512256,1031,3610
731156023742988288,1337,3962
730924654643314689,2080,6344
730573383004487680,2255,5075
730427201120833536,1099,3588
730211855403241472,1106,3954
730196704625098752,2025,5033
729854734790754305,1182,4174
729838605770891264,404,1762
729823566028484608,1303,4122
729463711119904772,2432,6000
729113531270991872,343,1948
728986383096946689,856,3256
728760639972315136,1788,4833
728751179681943552,708,2866
728653952833728512,1085,3419
728409960103686147,2100,5075
728387165835677696,1004,3795
728046963732717569,1237,4453
728035342121635841,1748,4706
728015554473250816,1152,4235
727685679342333952,665,3038
727644517743104000,1830,6092
727524757080539137,1279,4615
727314416056803329,783,3449
727286334147182592,855,3143
727175381690781696,1449,4020
727155742655025152,1396,3761
726935089318363137,2573,7110
726887082820554753,1584,3966
726828223124897792,1046,3673
726224900189511680,1200,4559
725842289046749185,2780,7273
725786712245440512,1426,4293
725729321944506368,1876,5360
725458796924002305,653,1454
724983749226668032,1369,3835
724771698126512129,673,2451
724405726123311104,1722,5470
724049859469295616,1852,4462
724046343203856385,590,2747
724004602748780546,1644,4318
723912936180330496,1289,4025
723688335806480385,3120,7937
723673163800948736,934,3123
723179728551723008,1966,5462
722974582966214656,1643,4228
722613351520608256,1720,5127
721503162398597120,1964,4799
721001180231503872,644,2614
720785406564900865,803,3217
720775346191278080,709,2565
720415127506415616,1574,4268
720389942216527872,2631,6595
720340705894408192,1024,2959
720059472081784833,1174,4010
720043174954147842,2099,5069
719991154352222208,1829,4986
719704490224398336,1514,4704
719551379208073216,2024,5217
719367763014393856,775,2874
719339463458033665,1306,4550
719332531645071360,1000,3531
718971898235854848,1146,3602
718939241951195136,1846,5402
718631497683582976,8449,19479
718613305783398402,502,2514
718540630683709445,1062,2549
718460005985447936,548,2788
718454725339934721,1578,5017
718246886998687744,521,1991
718234618122661888,1052,4000
717841801130979328,620,2531
717790033953034240,1181,2978
717537687239008257,1925,5934
717428917016076293,472,1659
717421804990701568,876,3249
717047459982213120,2005,6473
717009362452090881,1020,3370
716802964044845056,1237,4426
716791146589110272,1605,7500
716730379797970944,449,1274
716447146686459905,6189,13504
716439118184652801,219,2442
716285507865542656,1136,2870
716080869887381504,2008,6940
715928423106027520,915,3293
715758151270801409,1499,3842
715733265223708672,1766,4826
715704790270025728,592,2887
715696743237730304,1351,4031
715680795826982913,1700,4471
715360349751484417,1647,5648
715342466308784130,716,3133
715220193576927233,685,2500
715200624753819648,1976,5292
715009755312439296,1290,4301
714982300363173890,1077,3877
714962719905021952,4480,7602
714957620017307648,1484,4259
714631576617938945,1051,3375
714606013974974464,969,3752
714485234495041536,1210,2792
714258258790387713,750,3128
714251586676113411,875,3379
714214115368108032,918,2346
714141408463036416,1469,4458
713919462244790272,814,3391
713909862279876608,567,1979
713900603437621249,771,2936
713761197720473600,1441,5038
713411074226274305,1357,4565
713177543487135744,2958,7451
713175907180089344,1527,4608
712809025985978368,7047,19170
712717840512598017,5246,12765
712668654853337088,1270,4299
712438159032893441,1638,5503
712309440758808576,25,252
712097430750289920,1088,3920
712092745624633345,938,3043
712085617388212225,506,3362
712065007010385924,659,2345
711998809858043904,130,0
711968124745228288,2425,8332
711743778164514816,1032,2937
711732680602345472,4332,9179
711694788429553666,19201,33956
711652651650457602,961,3995
711363825979756544,1187,3786
711306686208872448,769,3421
711008018775851008,643,3092
710997087345876993,1452,4713
710844581445812225,723,2636
710833117892898816,559,2781
710658690886586372,590,2388
710609963652087808,2475,4957
710588934686908417,1960,4698
710296729921429505,774,2453
710283270106132480,541,2214
710272297844797440,1314,4693
710269109699739648,1182,2480
710153181850935296,935,3011
710140971284037632,929,2863
710117014656950272,2091,5685
709918798883774466,1115,3092
709901256215666688,105,697
709852847387627521,1253,3629
709566166965075968,1261,3661
709556954897764353,1113,3404
709519240576036864,245,1539
709449600415961088,605,2309
709409458133323776,721,2709
709225125749587968,598,2492
709207347839836162,6137,13007
709198395643068416,670,2508
709179584944730112,697,2075
709158332880297985,439,2117
709042156699303936,1717,4920
708853462201716736,689,1851
708845821941387268,941,3089
708834316713893888,530,1752
708810915978854401,7285,17058
708738143638450176,856,2839
708711088997666817,754,2641
708479650088034305,703,2638
708469915515297792,856,3194
708400866336894977,10640,16541
708356463048204288,1390,3722
708349470027751425,768,2432
708149363256774660,1608,4423
708130923141795840,880,3512
708119489313951744,1026,2774
708109389455101952,567,1996
708026248782585858,2006,4515
707995814724026368,1179,3237
707983188426153984,2,51
707969809498152960,1018,2796
707776935007539200,994,3397
707741517457260545,643,2581
707738799544082433,2604,4239
707693576495472641,1046,3550
707629649552134146,926,2665
707610948723478529,6721,17547
707420581654872064,724,2358
707411934438625280,620,2367
707387676719185920,1361,3627
707377100785885184,1132,3396
707315916783140866,673,2562
707297311098011648,829,2869
707059547140169728,709,2673
707038192327901184,828,2261
707021089608753152,1436,4218
707014260413456384,623,2382
706904523814649856,8235,15104
706901761596989440,625,2141
706681918348251136,1017,3446
706644897839910912,1153,2671
706593038911545345,658,2228
706538006853918722,1484,3582
706516534877929472,1082,3206
706346369204748288,968,3569
706310011488698368,8388,22088
706291001778950144,490,1762
706265994973601792,966,2831
706169069255446529,2341,4036
706166467411222528,1683,5321
706153300320784384,401,1535
705975130514706432,770,3214
705970349788291072,930,3246
705898680587526145,582,2452
705786532653883392,549,2011
705591895322394625,1212,3285
705475953783398401,964,3053
705442520700944385,1719,4599
705428427625635840,1768,3946
705239209544720384,780,3106
705223444686888960,841,2666
705102439679201280,536,2230
705066031337840642,634,2250
704871453724954624,1166,4421
704859558691414016,571,2334
704847917308362754,1610,5278
704819833553219584,1042,2737
704761120771465216,3040,6867
704499785726889984,1048,3036
704491224099647488,84,791
704480331685040129,1109,3520
704364645503647744,3730,8293
704347321748819968,363,1650
704134088924532736,492,1560
704113298707505153,590,1920
704054845121142784,951,3024
703774238772166656,487,1905
703769065844768768,1198,3402
703631701117943808,721,2693
703611486317502464,1589,3996
703425003149250560,1449,3933
703407252292673536,731,2540
703382836347330562,1190,3634
703356393781329922,405,1984
703268521220972544,568,2037
703079050210877440,3255,7667
703041949650034688,13178,27289
702932127499816960,757,2688
702899151802126337,477,1670
702684942141153280,1136,3339
702671118226825216,588,2282
702598099714314240,3604,12624
702539513671897089,1006,2976
702332542343577600,1638,3305
702321140488925184,1087,3396
702276748847800320,804,2565
702217446468493312,1401,4968
701981390485725185,1044,3576
701952816642965504,1076,3965
701889187134500865,1447,3675
701805642395348998,1779,3553
701601587219795968,479,2162
701570477911896070,977,2914
701545186879471618,643,2761
701214700881756160,5375,12653
700890391244103680,601,2294
700864154249383937,643,2680
700847567345688576,526,2518
700796979434098688,1005,2523
700747788515020802,9836,23684
700518061187723268,845,2730
700505138482569216,598,2368
700462010979500032,1891,4288
700167517596164096,782,2733
700151421916807169,698,2316
700143752053182464,2879,7797
700062718104104960,730,2746
700029284593901568,611,2151
700002074055016451,1410,3438
699801817392291840,1010,3175
699788877217865730,522,2313
699779630832685056,1309,2869
699775878809702401,636,2026
699691744225525762,4840,10628
699446877801091073,2749,6161
699434518667751424,532,2240
699423671849451520,347,1426
699413908797464576,647,2152
699370870310113280,459,1953
699323444782047232,908,3280
699088579889332224,663,2326
699079609774645248,687,2541
699072405256409088,1250,3120
699060279947165696,1899,3912
699036661657767936,1256,2700
698989035503689728,1031,3500
698953797952008193,955,2802
698907974262222848,657,2631
698710712454139905,715,2562
698703483621523456,399,1505
698635131305795584,356,1337
698549713696649216,650,2413
698355670425473025,477,1938
698342080612007937,995,2339
698262614669991936,2115,4922
698195409219559425,6267,17391
698178924120031232,781,2911
697995514407682048,351,1587
697990423684476929,1361,3408
697943111201378304,720,2490
697881462549430272,1254,3128
697630435728322560,567,1816
697616773278015490,1065,3272
697596423848730625,1326,3149
697575480820686848,523,2115
697516214579523584,1184,2153
697482927769255936,707,2507
697463031882764288,1450,3537
697270446429966336,1963,4848
697259378236399616,1049,3414
697255105972801536,1218,3134
697242256848379904,703,2606
696900204696625153,1072,3301
696894894812565505,708,2427
696886256886657024,1894,5021
696877980375769088,744,2528
696754882863349760,374,1538
696744641916489729,987,2145
696713835009417216,678,2463
696518437233913856,1786,4034
696490539101908992,150,1260
696488710901260288,1083,2630
696405997980676096,1203,3335
696100768806522880,700,2010
695816827381944320,1228,3120
695794761660297217,817,3296
695767669421768709,790,1941
695629776980148225,2211,4727
695446424020918272,1906,4542
695409464418041856,3763,8971
695314793360662529,1541,3774
695095422348574720,648,2740
695074328191332352,1167,2951
695064344191721472,633,1662
695051054296211456,829,2757
694925794720792577,961,2794
694905863685980160,977,2858
694669722378485760,15202,37068
694356675654983680,299,1562
694352839993344000,652,2123
694342028726001664,506,1630
694329668942569472,524,2079
694206574471057408,2137,4332
694183373896572928,980,3059
694001791655137281,1084,3522
693993230313091072,424,1942
693942351086120961,386,1803
693647888581312512,623,2802
693644216740769793,131,1393
693642232151285760,432,2631
693629975228977152,837,2544
693622659251335168,388,1605
693590843962331137,2074,5245
693582294167244802,267,1706
693486665285931008,667,1848
693280720173801472,1298,3493
693267061318012928,856,2474
693262851218264065,524,2319
693231807727280129,769,2977
693155686491000832,3376,8171
693109034023534592,646,1782
693095443459342336,486,1945
692919143163629568,787,2765
692905862751522816,919,2530
692901601640583168,628,1850
692894228850999298,850,2368
692828166163931137,923,2992
692752401762250755,3818,7077
692568918515392513,1617,4516
692535307825213440,1431,3306
692530551048294401,435,1914
692423280028966913,240,1533
692417313023332352,3659,9683
692187005137076224,860,2622
692158366030913536,830,2229
692142790915014657,414,1708
692041934689402880,1342,3529
692017291282812928,1001,2974
691820333922455552,1749,4096
691793053716221953,4429,8427
691756958957883396,1070,2998
691675652215414786,530,2019
691483041324204033,590,2470
691459709405118465,1214,4205
691444869282295808,888,2753
691416866452082688,8056,20027
691321916024623104,693,2673
691096613310316544,928,3073
691090071332753408,353,1775
690989312272396288,3014,6116
690959652130045952,1320,3721
690938899477221376,2097,4274
690932576555528194,1081,3407
690735892932222976,1340,3932
690728923253055490,541,2256
690690673629138944,844,2413
690649993829576704,293,1361
690607260360429569,17,305
690597161306841088,636,2041
690400367696297985,475,1947
690374419777196032,903,3392
690360449368465409,941,2746
690348396616552449,543,1566
690248561355657216,434,1743
690021994562220032,1089,2892
690015576308211712,779,2604
690005060500217858,1781,3804
689999384604450816,394,1481
689993469801164801,477,1515
689977555533848577,469,1423
689905486972461056,728,2513
689877686181715968,1242,3143
689835978131935233,792,2249
689661964914655233,976,3322
689659372465688576,4076,10745
689623661272240129,676,2310
689599056876867584,5828,12048
689557536375177216,483,2126
689517482558820352,1510,3527
689289219123089408,993,2341
689283819090870273,1160,3416
689280876073582592,752,2071
689275259254616065,258,1199
689255633275777024,1138,2654
689154315265683456,1053,3178
689143371370250240,538,2098
688916208532455424,917,2839
688908934925697024,817,2196
688898160958271489,832,2183
688894073864884227,733,2323
688828561667567616,393,1428
688804835492233216,203,1003
688789766343622656,695,2303
688547210804498433,738,2713
688519176466644993,774,2401
688385280030670848,4699,9633
688211956440801280,877,2316
688179443353796608,619,2202
688116655151435777,822,2939
688064179421470721,380,1798
687841446767013888,2667,5668
687826841265172480,1187,2834
687818504314159109,1002,2588
687807801670897665,742,2492
687732144991551489,695,1834
687704180304273409,884,2538
687664829264453632,536,2009
687494652870668288,605,1976
687480748861947905,253,1659
687476254459715584,560,2056
687460506001633280,569,2133
687399393394311168,660,1968
687317306314240000,9639,20852
687312378585812992,2003,4527
687127927494963200,2416,5662
687124485711986689,525,2249
687109925361856513,2601,6030
687102708889812993,1039,2428
687096057537363968,634,2334
686947101016735744,3351,8935
686760001961103360,1453,3656
686749460672679938,1540,3607
686730991906516992,1267,4310
686683045143953408,849,2919
686618349602762752,1437,3828
686606069955735556,573,1972
686394059078897668,714,1805
686386521809772549,928,3382
686377065986265092,594,2290
686358356425093120,717,2280
686286779679375361,1752,4149
686050296934563840,767,2288
686035780142297088,128,1201
686034024800862208,1222,3227
686007916130873345,445,2579
686003207160610816,674,1891
685973236358713344,550,2190
685943807276412928,631,1685
685906723014619143,3076,7802
685681090388975616,134,2109
685667379192414208,603,2434
685663452032069632,1539,3380
685641971164143616,825,3042
685547936038666240,16578,34199
685532292383666176,1215,3152
685325112850124800,4199,9835
685321586178670592,680,2751
685315239903100929,1142,3474
685307451701334016,465,2151
685268753634967552,1271,3218
685198997565345792,701,2423
685169283572338688,1500,4247
684969860808454144,397,2460
684959798585110529,3302,7065
684940049151070208,1100,3341
684926975086034944,490,3634
684914660081053696,1547,3647
684902183876321280,558,1954
684880619965411328,867,2183
684830982659280897,22805,36338
684800227459624960,1055,2824
684594889858887680,3725,9251
684588130326986752,1482,4266
684567543613382656,1297,3128
684538444857667585,1007,2739
684481074559381504,1233,4028
684460069371654144,585,2063
684241637099323392,3502,8461
684225744407494656,223,1281
684222868335505415,1450,3977
684200372118904832,1082,2245
684195085588783105,546,1988
684188786104872960,1243,3611
684177701129875456,709,2093
684147889187209216,1573,3091
684122891630342144,499,2072
684097758874210310,1516,4265
683857920510050305,1176,3944
683852578183077888,370,2000
683849932751646720,1036,2717
683834909291606017,1167,2718
683828599284170753,1120,2915
683773439333797890,1430,3470
683742671509258241,3503,6748
683515932363329536,3080,7626
683498322573824003,1019,3286
683481228088049664,1052,2742
683462770029932544,709,2519
683449695444799489,1700,4048
683391852557561860,2514,7906
683357973142474752,983,3043
683142553609318400,1097,2996
683111407806746624,962,3519
683098815881154561,698,2250
683078886620553216,590,2061
683030066213818368,768,2233
682962037429899265,17613,38313
682808988178739200,190,1843
682788441537560576,1182,2566
682750546109968385,462,1583
682697186228989953,380,1367
682662431982772225,1144,3170
682638830361513985,638,2137
682429480204398592,1228,3564
682406705142087680,1864,7865
682393905736888321,720,2317
682389078323662849,494,1724
682303737705140231,1060,3189
682259524040966145,1279,4324
682242692827447297,1246,3384
682088079302213632,10434,18946
682059653698686977,1783,5130
682047327939461121,1016,3318
682032003584274432,2126,6827
682003177596559360,1621,3267
681981167097122816,1089,2902
681891461017812993,866,2553
681694085539872773,4283,13242
681679526984871937,473,1835
681654059175129088,978,2728
681610798867845120,502,1984
681579835668455424,1374,3680
681523177663676416,6128,14842
681340665377193984,295,1699
681339448655802368,4288,9626
681320187870711809,792,2742
681302363064414209,1930,4090
681297372102656000,1015,3323
681281657291280384,1163,3333
681261549936340994,290,1514
681242418453299201,569,1550
681231109724700672,511,2490
681193455364796417,1564,3852
680970795137544192,704,2515
680959110691590145,2114,4726
680940246314430465,1113,3331
680934982542561280,464,2145
680913438424612864,653,2484
680889648562991104,383,1830
680836378243002368,1403,3584
680805554198020098,698,2234
680801747103793152,870,2454
680798457301471234,1099,2963
680609293079592961,750,2732
680583894916304897,1420,3750
680497766108381184,2008,4387
680494726643068929,510,1783
680473011644985345,785,2641
680440374763077632,533,1510
680221482581123072,305,1515
680206703334408192,1246,2942
680191257256136705,531,2226
680176173301628928,1654,4039
680161097740095489,774,2403
680145970311643136,1843,3738
680130881361686529,1002,2365
680115823365742593,952,2808
680100725817409536,1444,3695
680085611152338944,9450,13231
680070545539371008,928,2672
679877062409191424,683,2044
679872969355714560,698,2257
679862121895714818,655,2542
679854723806179328,1303,2962
679844490799091713,804,2451
679828447187857408,14819,37493
679777920601223168,1172,3191
679736210798047232,837,2165
679729593985699840,867,2239
679722016581222400,495,1711
679530280114372609,2192,4930
679527802031484928,763,2735
679511351870550016,1334,3490
679503373272485890,1554,3246
679475951516934144,669,2161
679462823135686656,19849,32788
679405845277462528,1266,2456
679158373988876288,8528,22117
679148763231985668,1088,2864
679132435750195208,1220,3064
679111216690831360,2695,6161
679062614270468097,8649,17601
679047485189439488,713,2321
679001094530465792,1302,2912
678991772295516161,1239,2394
678969228704284672,486,1696
678800283649069056,951,2660
678798276842360832,1250,3580
678774928607469569,966,2889
678767140346941444,1438,3654
678764513869611008,501,1695
678755239630127104,3480,7357
678740035362037760,1785,3875
678708137298427904,2544,5744
678675843183484930,1554,2967
678643457146150913,443,2115
678446151570427904,1642,4122
678424312106393600,2668,5574
678410210315247616,1916,4369
678399652199309312,33352,81543
678396796259975168,443,1642
678389028614488064,441,1928
678380236862578688,956,2520
678341075375947776,566,1782
678334497360859136,271,1343
678278586130948096,6378,11796
678255464182861824,391,1635
678023323247357953,402,1988
678021115718029313,6693,14127
677961670166224897,1770,3519
677918531514703872,430,1391
677895101218201600,2214,4977
677716515794329600,1013,3145
677700003327029250,1517,3494
677698403548192770,334,1264
677687604918272002,889,2550
677673981332312066,1571,3434
677662372920729601,1020,2004
677644091929329666,836,1914
677573743309385728,759,2199
677565715327688705,480,1332
677557565589463040,1213,2501
677547928504967168,3814,7120
677530072887205888,236,1102
677335745548390400,1869,3122
677334615166730240,306,1388
677331501395156992,245,1127
677328882937298944,1569,3727
677314812125323265,556,1686
677301033169788928,430,1275
677269281705472000,738,2048
677228873407442944,1716,3641
677187300187611136,965,2802
676975532580409345,1121,2857
676957860086095872,843,2273
676949632774234114,417,1343
676948236477857792,910,2231
676946864479084545,394,1753
676942428000112642,791,2121
676936541936185344,5113,13032
676916996760600576,1876,3041
676897532954456065,748,2313
676864501615042560,739,2155
676821958043033607,16293,23618
676819651066732545,694,1851
676811746707918848,443,1450
676776431406465024,2094,5130
676617503762681856,1025,2966
676613908052996102,205,1110
676606785097199616,457,1924
676603393314578432,400,1191
676593408224403456,2252,4678
676590572941893632,130,935
676588346097852417,829,2381
676582956622721024,290,1230
676575501977128964,1164,2654
676533798876651520,580,1916
676496375194980353,555,1553
676470639084101634,4857,11847
676440007570247681,693,1755
676430933382295552,360,1427
676263575653122048,574,2124
676237365392908289,304,1250
676219687039057920,32301,77173
676215927814406144,606,1778
676191832485810177,1074,2328
676146341966438401,689,1961
676121918416756736,1204,2199
676101918813499392,1210,2875
676098748976615425,1495,3067
676089483918516224,447,1344
675898130735476737,596,1655
675891555769696257,899,2164
675888385639251968,1002,2425
675878199931371520,1454,4250
675870721063669760,596,1669
675853064436391936,1345,2737
675849018447167488,154,958
675845657354215424,920,2319
675822767435051008,556,1552
675820929667219457,239,1071
675798442703122432,3506,10433
675781562965868544,490,1654
675740360753160193,360,1190
675710890956750848,852,1925
675707330206547968,721,2016
675706639471788032,101,654
675534494439489536,433,1854
675531475945709568,398,1205
675522403582218240,295,1059
675517828909424640,472,1319
675501075957489664,6013,17436
675497103322386432,1345,3193
675489971617296384,622,1324
675483430902214656,1002,1870
675432746517426176,590,1553
675372240448454658,528,1722
675362609739206656,236,1067
675354435921575936,17795,33284
675349384339542016,2334,3975
675334060156301312,1337,2826
675166823650848770,1666,3669
675153376133427200,2690,6373
675149409102012420,1730,3794
675147105808306176,247,956
675146535592706048,325,1211
675145476954566656,932,2170
675135153782571009,510,1319
675113801096802304,806,1979
675111688094527488,260,981
675109292475830276,1172,2840
675047298674663426,339,1073
675015141583413248,1240,2747
675006312288268288,232,1003
675003128568291329,488,1575
674999807681908736,1135,2278
674805413498527744,366,869
674800520222154752,884,3056
674793399141146624,1121,2542
674790488185167872,255,1119
674788554665512960,217,826
674781762103414784,1240,2026
674774481756377088,486,1138
674767892831932416,816,1855
674764817387900928,245,796
674754018082705410,462,1382
674752233200820224,481,1479
674743008475090944,570,1427
674742531037511680,52,495
674739953134403584,404,1127
674737130913071104,96,658
674690135443775488,482,1162
674670581682434048,671,1633
674664755118911488,262,938
674646392044941312,508,1452
674644256330530816,277,1038
674638615994089473,596,1703
674632714662858753,597,1522
674606911342424069,102,946
674468880899788800,2117,6300
674447403907457024,364,1079
674436901579923456,404,1122
674422304705744896,551,1451
674416750885273600,144,689
674410619106390016,478,1216
674394782723014656,590,1517
674372068062928900,322,854
674330906434379776,76,566
674318007229923329,528,1434
674307341513269249,7144,11443
674291837063053312,6046,14895
674271431610523648,749,1588
674269164442398721,231,914
674265582246694913,875,1664
674262580978937856,464,1317
674255168825880576,570,1482
674082852460433408,174,761
674075285688614912,297,992
674063288070742018,2262,6437
674053186244734976,1331,3355
674051556661161984,496,1458
674045139690631169,654,1433
674042553264685056,132,732
674038233588723717,423,1113
674036086168010753,217,853
674024893172875264,1254,1799
674019345211760640,307,1144
674014384960745472,662,1579
674008982932058114,365,1212
673956914389192708,983,1959
673919437611909120,377,1178
673906403526995968,1653,3216
673887867907739649,256,940
673716320723169284,768,3105
673715861853720576,2131,3567
673711475735838725,303,1045
673709992831262724,280,856
673708611235921920,297,1091
673707060090052608,401,1106
673705679337693185,410,1266
673700254269775872,584,1449
673697980713705472,1995,3831
673689733134946305,664,1744
673688752737402881,504,1270
673686845050527744,449,1443
673680198160809984,479,1380
673662677122719744,367,1265
673656262056419329,247,721
673636718965334016,366,1116
673612854080196609,737,1607
673583129559498752,372,1199
673580926094458881,274,841
673576835670777856,571,1393
673363615379013632,311,1031
673359818736984064,683,1463
673355879178194945,589,1501
673352124999274496,547,1662
673350198937153538,218,752
673345638550134785,1300,2528
673343217010679808,277,979
673342308415348736,596,1283
673320132811366400,8107,13546
673317986296586240,265,879
673295268553605120,3222,7577
673270968295534593,374,1070
673240798075449344,747,1433
673213039743795200,858,2264
673148804208660480,643,1699
672997845381865473,735,1980
672995267319328768,302,963
672988786805112832,299,989
672984142909456390,550,1263
672980819271634944,1026,1830
672975131468300288,930,1692
672970152493887488,363,949
672968025906282496,556,1325
672964561327235073,650,1427
672902681409806336,514,1374
672898206762672129,430,910
672884426393653248,844,1554
672877615439593473,374,1040
672834301050937345,577,1319
672828477930868736,503,1262
672640509974827008,327,979
672622327801233409,502,1304
672614745925664768,598,1227
672609152938721280,394,1123
672604026190569472,404,1114
672594978741354496,617,1335
672591762242805761,341,955
672591271085670400,185,729
672538107540070400,372,1034
672523490734551040,174,645
672488522314567680,446,1115
672482722825261057,610,1146
672481316919734272,127,721
672475084225949696,713,1433
672466075045466113,550,1359
672272411274932228,3446,6476
672267570918129665,626,1504
672264251789176834,343,1146
672256522047614977,1576,2825
672254177670729728,754,1434
672248013293752320,622,1725
672245253877968896,162,689
672239279297454080,328,897
672231046314901505,1037,1838
672222792075620352,214,786
672205392827572224,1172,2272
672169685991993344,374,1024
672160042234327040,364,877
672139350159835138,722,1753
672125275208069120,1158,2413
672095186491711488,373,1005
672082170312290304,373,945
672068090318987265,525,1294
671896809300709376,4231,8514
671891728106971137,582,1338
671882082306625538,1401,3484
671879137494245376,690,1432
671874878652489728,566,1252
671866342182637568,507,1124
671855973984772097,453,908
671789708968640512,3537,7088
671768281401958400,533,1197
671763349865160704,941,1690
671744970634719232,784,1356
671743150407421952,236,745
671735591348891648,768,1459
671729906628341761,4417,8532
671561002136281088,7331,12867
671550332464455680,210,918
671547767500775424,606,1359
671544874165002241,1062,1983
671542985629241344,573,1097
671538301157904385,401,931
671536543010570240,416,1180
671533943490011136,589,1021
671528761649688577,263,845
671520732782923777,533,1407
671518598289059840,293,957
671511350426865664,734,1608
671504605491109889,3591,7044
671497587707535361,453,922
671488513339211776,478,1013
671486386088865792,208,579
671485057807351808,234,763
671390180817915904,742,1430
671362598324076544,297,1109
671357843010908160,150,399
671355857343524864,116,482
671347597085433856,434,956
671186162933985280,215,735
671182547775299584,351,1121
671166507850801152,356,878
671163268581498880,1122,1668
671159727754231808,82,375
671154572044468225,222,716
671151324042559489,157,672
671147085991960577,229,673
671141549288370177,665,1160
671138694582165504,411,925
671134062904504320,199,751
671122204919246848,2554,3493
671115716440031232,787,1371
671109016219725825,448,1152
670995969505435648,298,1105
670842764863651840,8855,24680
670840546554966016,196,592
670838202509447168,704,1115
670833812859932673,128,450
670832455012716544,222,736
670826280409919488,4114,5572
670823764196741120,197,781
670822709593571328,97,616
670815497391357952,1561,3181
670811965569282048,275,1135
670807719151067136,500,1164
670804601705242624,975,1971
670803562457407488,88,346
670797304698376195,240,739
670792680469889025,285,835
670789397210615808,245,662
670786190031921152,204,607
670783437142401025,401,822
670782429121134593,784,1569
670780561024270336,292,787
670778058496974848,74,329
670764103623966721,428,1077
670755717859713024,112,441
670733412878163972,521,967
670727704916926465,365,828
670717338665226240,502,1211
670704688707301377,375,771
670691627984359425,248,593
670679630144274432,287,751
670676092097810432,44,248
670668383499735048,5111,10739
670474236058800128,768,1522
670468609693655041,86,354
670465786746662913,559,975
670452855871037440,208,551
670449342516494336,672,1194
670444955656130560,2008,6752
670442337873600512,202,645
670435821946826752,522,1056
670434127938719744,656,1405
670433248821026816,114,329
670428280563085312,636,1387
670427002554466305,166,521
670421925039075328,640,1312
670420569653809152,320,629
670417414769758208,318,572
670411370698022913,911,2022
670408998013820928,229,557
670403879788544000,160,437
670385711116361728,213,562
670374371102445568,274,747
670361874861563904,69,330
670338931251150849,113,421
670319130621435904,1236,3873
670303360680108032,138,430
670290420111441920,292,706
670093938074779648,339,1028
670086499208155136,255,701
670079681849372674,1255,2226
670073503555706880,802,1582
670069087419133954,245,627
670061506722140161,347,769
670055038660800512,336,671
670046952931721218,180,646
670040295598354432,113,756
670037189829525505,280,588
670003130994700288,93,332
669993076832759809,86,327
669972011175813120,161,446
669970042633789440,62,304
669942763794931712,167,505
669926384437997569,106,373
669923323644657664,57,233
669753178989142016,406,816
669749430875258880,65,268
669684865554620416,90,515
669683899023405056,112,389
669682095984410625,136,348
669680153564442624,295,666
669661792646373376,445,802
669625907762618368,1840,3542
669603084620980224,367,950
669597912108789760,152,513
669583744538451968,936,1498
669573570759163904,143,435
669571471778410496,1033,1596
669567591774625800,56,236
669564461267722241,127,385
669393256313184256,78,368
669375718304980992,739,1332
669371483794317312,184,496
669367896104181761,160,467
669363888236994561,231,621
669359674819481600,127,370
669354382627049472,1290,2710
669353438988365824,266,648
669351434509529089,190,438
669328503091937280,424,1021
669327207240699904,118,578
669324657376567296,211,500
669216679721873412,409,1193
669214165781868544,169,441
669203728096960512,486,1004
669037058363662336,318,659
669015743032369152,379,737
669006782128353280,251,577
669000397445533696,6445,20973
668994913074286592,233,440
668992363537309700,352,746
668989615043424256,334,682
668988183816871936,477,899
668986018524233728,171,556
668981893510119424,312,537
668979806671884288,354,801
668975677807423489,587,1304
668967877119254528,24,144
668960084974809088,242,703
668955713004314625,72,282
668932921458302977,59,265
668902994700836864,102,320
668892474547511297,154,397
668872652652679168,304,530
668852170888998912,168,455
668826086256599040,139,433
668815180734689280,275,579
668779399630725120,375,706
668655139528511488,222,536
668645506898350081,536,889
668643542311546881,538,879
668641109086707712,545,1079
668636665813057536,496,1041
668633411083464705,1672,2815
668631377374486528,323,718
668627278264475648,118,319
668625577880875008,137,388
668623201287675904,782,1434
668620235289837568,43,202
668614819948453888,316,614
668587383441514497,1089,1673
668567822092664832,56,245
668544745690562560,230,515
668542336805281792,219,457
668537837512433665,77,253
668528771708952576,231,460
668507509523615744,109,326
668496999348633600,135,415
668484198282485761,238,429
668480044826800133,150,460
668466899341221888,523,882
668297328638447616,298,617
668291999406125056,31,245
668286279830867968,138,504
668274247790391296,232,824
668268907921326080,238,553
668256321989451776,625,1312
668248472370458624,496,988
668237644992782336,2881,6216
668226093875376128,105,299
668221241640230912,200,511
668204964695683073,197,554
668190681446379520,198,654
668171859951755264,195,491
668154635664932864,320,496
668142349051129856,284,568
668113020489474048,244,666
667937095915278337,795,1264
667924896115245057,113,301
667915453470232577,56,209
667911425562669056,308,493
667902449697558528,379,849
667886921285246976,1102,1883
667885044254572545,490,813
667878741721415682,121,391
667873844930215936,408,625
667866724293877760,1038,2997
667861340749471744,78,239
667832474953625600,63,291
667806454573760512,497,1048
667801013445750784,97,328
667793409583771648,334,697
667782464991965184,246,407
667773195014021121,57,236
667766675769573376,217,441
667728196545200128,152,378
667724302356258817,319,481
667550904950915073,35,0
667550882905632768,33,0
667549055577362432,2297,5782
667546741521195010,125,331
667544320556335104,529,863
667538891197542400,65,203
667534815156183040,542,814
667530908589760512,239,462
667524857454854144,1113,1688
667517642048163840,193,366
667509364010450944,2130,6759
667502640335572993,220,531
667495797102141441,271,514
667491009379606528,225,528
667470559035432960,100,253
667455448082227200,60,189
667453023279554560,89,303
667443425659232256,577,772
667437278097252352,237,447
667435689202614272,83,301
667405339315146752,220,460
667393430834667520,55,192
667369227918143488,163,362
667211855547486208,242,488
667200525029539841,260,607
667192066997374976,107,382
667188689915760640,414,738
667182792070062081,6190,14248
667177989038297088,54,190
667176164155375616,464,608
667174963120574464,82,239
667171260800061440,88,218
667165590075940865,1135,2670
667160273090932737,62,253
667152164079423490,17012,47400
667138269671505920,2197,4570
667119796878725120,127,326
667090893657276420,126,329
667073648344346624,121,398
667070482143944705,14,82
667065535570550784,46,164
667062181243039745,54,215
667044094246576128,50,183
667012601033924608,221,442
666996132027977728,94,243
666983947667116034,978,2524
666837028449972224,549,803
666835007768551424,80,209
666826780179869698,97,250
666817836334096384,248,511
666804364988780544,92,236
666786068205871104,483,749
666781792255496192,189,381
666776908487630848,172,347
666739327293083650,65,232
666701168228331520,217,424
666691418707132416,47,186
666649482315059201,614,1104
666644823164719104,79,228
666454714377183233,207,511
666447344410484738,19,101
666437273139982337,47,122
666435652385423360,53,163
666430724426358785,194,311
666428276349472768,81,163
666421158376562688,111,310
666418789513326592,45,122
666411507551481857,320,431
666407126856765440,38,105
666396247373291520,82,162
666373753744588802,88,183
666362758909284353,558,756
666353288456101888,71,213
666345417576210432,132,284
666337882303524864,88,192
666293911632134144,343,488
666287406224695296,63,142
666273097616637952,76,169
666268910803644416,35,100
666104133288665088,6345,13959
666102155909144576,11,77
666099513787052032,65,150
666094000022159362,71,160
666082916733198337,44,113
666073100786774016,158,315
666071193221509120,58,142
666063827256086533,212,462
666058600524156928,57,109
666057090499244032,138,286
666055525042405380,235,426
666051853826850816,827,1191
666050758794694657,57,130
666049248165822465,42,105
666044226329800704,136,289
666033412701032449,43,121
666029285002620928,46,125
666020888022790149,496,2516
